trait,value,count,percent
Stare,Glance,4444,80.00
Stare,Watch,833,15.00
Stare,Heavy Stare,278,5.00
Crop,Eye,667,12.01
Crop,Nose,600,10.80
Crop,Left Eye,555,9.99
Crop,Right Eye,555,9.99
Crop,Left Mouth,555,9.99
Crop,Right Mouth,555,9.99
Crop,Brow,467,8.41
Crop,Cheek,467,8.41
Crop,Mouth,400,7.20
Crop,Temple,400,7.20
Crop,Profile Edge,334,6.01
Density,Mid,2457,44.23
Density,Sparse,1681,30.26
Density,Heavy,1417,25.51
Neon,Standard,3108,55.95
Neon,Deep,1361,24.50
Neon,Hot,1086,19.55
Edge,Stair Step,2780,50.05
Edge,Hard Cut,1664,29.95
Edge,Bleed Dither,1111,20.00
Grain,Clean Print,2501,45.02
Grain,Dusty,2111,38.00
Grain,Heavy Scan,943,16.98
Light,Left,2333,42.00
Light,Right,2333,42.00
Light,Top,889,16.00
Expression,Flat,1890,34.02
Expression,Squint,1222,22.00
Expression,Glare,1000,18.00
Expression,Wide,779,14.02
Expression,Tense,664,11.95
Accessory,None,4093,73.68
Accessory,Mole,392,7.06
Accessory,Scar,322,5.80
Accessory,Stud,272,4.90
Accessory,Tape,253,4.55
Accessory,Visor,223,4.01
Block,Standard,2943,52.98
Block,Fine,1390,25.02
Block,Coarse,1222,22.00
Anomaly,None,5238,94.29
Anomaly,Dead Pixel,134,2.41
Anomaly,Inverted Blocks,83,1.49
Anomaly,Extra-Wide Crop,67,1.21
Anomaly,Double-Eye Fragment,33,0.59
Face,None,3335,60.04
Face,Woman,1112,20.02
Face,Man,1108,19.95
